1.05453,0.095184032,0.308519095,0.1906,9.486832981,1.985,0,0.632455532,2.662329807,10.3,2.703201805,2,141.5,571,6.65,19.8675615,1.801785145,1
1.05548,0.104690019,0.32355837,0.2096,7.416198487,1.625,0,0.623698645,2.540275576,21.4,2.703201805,2,149,601,6.65,19.8675615,1.868797658,0
1.056505,0.114061387,0.337729754,0.2301,5.916079783,1.26,0,0.664830806,2.690910627,38.8,2.652904069,2,141,569,6.75,19.86806483,1.343074903,1
1.0568,0.116619038,0.341495297,0.236,8.660254038,2.5,0,0.640312424,2.426520142,37.1,2.70549441,10,233.5,939,9.55,19.92234926,2.847076812,0
1.056905,0.117515956,0.342806004,0.2381,8.94427191,0.73,0,0.649615271,2.80624304,21.5,2.376636278,17,126.5,511,6.2,19.85522601,0.723368794,1
1.057195,0.119958326,0.346350005,0.2439,7.745966692,1.965,0,0.633245608,2.569824897,8.3,2.493912589,2,131.5,531,6.8,19.40876091,1.092844954,1
1.057505,0.122515305,0.350021864,0.2501,9.486832981,1.105,1,0.633245608,2.814782407,14.3,2.425901894,2,98,397,5.8,19.88768463,0.777638883,1
1.057505,0.122515305,0.350021864,0.2501,8.94427191,1.505,0,0.659545298,2.575849374,19.2,2.888598276,17,139,561,7.5,19.77220271,1.44744765,1
1.05769,0.124016128,0.352159237,0.2538,9.486832981,2.375,0,0.627694193,2.730201458,23.7,2.517161099,10,121,489,6.95,19.65553357,0.763519209,1
1.058545,0.130728727,0.361564277,0.2709,9.486832981,1.51,0,0.640312424,2.593838854,25.6,3.48231245,26,92.5,375,7.5,19.60765157,1.121320344,1
1.05889,0.133341666,0.365159782,0.2778,9.746794345,1.235,0,0.63482281,2.671142078,3.4,2.766477905,10,200,805,7.5,19.6035711,1.109502311,1
1.05935,0.136747943,0.369794461,0.287,9.219544457,2.575,0,0.654980916,2.552645686,17.2,2.921523575,17,174.5,703,7.95,19.80984604,1.521904043,1
1.059825,0.140178458,0.374404137,0.2965,8.94427191,1.38,0,0.620483682,2.495996795,21,3.014830012,2,119.5,483,8.1,18.48242408,2.595830919,0
1.060045,0.141739197,0.376482665,0.3009,9.746794345,1.84,0,0.645058137,2.83443116,21.4,2.262299715,17,111,449,6.35,19.76233792,0.697056275,1
1.060885,0.147546603,0.384117954,0.3177,9.082951062,1.515,0,0.644204936,2.758622845,5.2,2.503996805,5,173,697,6.35,19.88416455,0.763519209,1
1.060935,0.147885091,0.384558306,0.3187,7.745966692,1.965,0,0.633245608,2.607680962,-0.6,2.493912589,2,131.5,531,6.8,19.83355742,1.242766149,1
1.06249,0.158050625,0.397555813,0.3498,0,1.445,0,0.719722169,2.557342371,49.2,2.503377718,2,210,845,6.95,19.74740489,1.941088234,0
1.062715,0.159467865,0.399334277,0.3543,7.416198487,2.39,0,0.695701085,2.587663038,45.9,2.394180444,26,184,741,7.8,19.92234926,1.679552201,1
1.063655,0.165257375,0.406518604,0.3731,0,4.035,0,0.684835747,2.533969218,68.4,2.228699172,5,120,485,7.9,19.92234926,2.023243292,0
1.064495,0.1702645,0.412631191,0.3899,6.32455532,1.125,0,0.654980916,2.63419817,24,2.965147551,2,166.5,671,8.85,19.74461952,1.42693222,1
1.065205,0.174384632,0.417593861,0.4041,0,3.095,0,0.717635005,2.427962108,49.1,2.369599122,26,111,449,9.1,19.86982637,2.249615362,0
1.065245,0.17461386,0.417868232,0.4049,7.416198487,2.39,0,0.695701085,2.621831421,17.6,2.542715084,26,184,741,7.8,19.69695408,1.147091055,1
1.065565,0.176436958,0.420043995,0.4113,0,2.695,0,0.664830806,2.452345816,38,2.830830267,10,175,705,8.4,19.63771881,2.244996148,0
1.06575,0.177482393,0.421286593,0.415,9.746794345,1.235,0,0.63482281,2.641022529,4.8,2.766477905,10,200,805,7.5,19.92234926,1.13541565,1
1.06653,0.181824091,0.426408362,0.4306,0,3.095,0,0.717635005,2.461503606,26.8,2.193672719,26,111,449,9.1,19.90326606,1.917190429,0
1.067135,0.185121582,0.430257576,0.4427,0,3.095,0,0.717635005,2.422601907,35.8,2.287159811,26,111,449,9.1,19.92234926,2.130495168,0
1.067225,0.185607112,0.430821439,0.4445,9.082951062,1.515,0,0.644204936,2.482337608,27.9,2.503996805,5,173,697,6.35,19.84363878,1.725802634,1
1.06733,0.186171964,0.431476492,0.4466,5.916079783,3.53,0,0.66174013,2.455809439,12.8,2.576955568,2,151,609,7.45,19.03286631,1.798213716,0
1.06751,0.187136314,0.43259255,0.4502,8.94427191,2.975,0,0.641092817,2.619351065,17.4,2.262012378,17,121.5,491,8.6,19.92234926,0.824828759,1
1.06755,0.18734994,0.432839393,0.451,9.746794345,1.84,0,0.645058137,2.802320467,22.7,2.262299715,17,111,449,6.35,19.81867806,0.95192213,1
1.067685,0.188069136,0.433669386,0.4537,5.830951895,3.545,0,0.658027355,2.567099531,29.9,2.343437646,50,163.5,659,7.05,19.89346626,2.082207001,0
1.06774,0.188361355,0.434006169,0.4548,8.94427191,2.32,0,0.626099034,2.424046204,8.6,3.03649469,2,156.5,631,7.2,19.87913479,2.041381265,0
1.06789,0.18915602,0.434920706,0.4578,4.472135955,2.165,0,0.665507325,2.796426291,54,2.16672564,26,107,433,6.45,19.68019309,0.939071943,1
1.068075,0.190131533,0.436040747,0.4615,8.94427191,2.975,0,0.641092817,2.574878638,12.9,2.262012378,17,121.5,491,8.6,19.92234926,1.167948339,1
1.068525,0.192483766,0.438729718,0.4705,4.472135955,2.165,0,0.665507325,2.639696952,26.7,2.290131001,26,107,433,6.45,19.8047974,1.142428529,1
1.06869,0.19333908,0.4397034,0.4738,0,3.095,0,0.717635005,2.511971337,28,2.54133823,26,111,449,9.1,19.73322072,1.598076211,0
1.06884,0.194113369,0.440582988,0.4768,8.94427191,1.26,0,0.635609943,2.697035409,27.8,2.703516229,5,163.5,659,5.3,19.80403999,1.572936066,1
1.069355,0.196748571,0.443563491,0.4871,7.245688373,3.16,0,0.636396103,2.491786508,20.8,2.705032347,37,145.5,587,7.3,19.92234926,1.672077843,1
1.06966,0.198292713,0.445300699,0.4932,0,2.205,0,0.699285349,2.530810147,63.4,1.758436806,5,134,541,7.9,19.83809467,1.863564213,0
1.069805,0.199022612,0.446119504,0.4961,0,3.095,0,0.717635005,2.457030728,24,2.446487278,26,111,449,9.1,19.92234926,1.83019434,0
1.070055,0.200274811,0.447520738,0.5011,8.94427191,1.26,0,0.635609943,2.699444387,23.6,2.703516229,5,163.5,659,5.3,19.92234926,1.019900988,1
1.07147,0.20721969,0.455213895,0.5294,5.291502622,8.02,0,0.681175455,2.499799992,66.8,1.901315334,17,134,541,8.1,19.92234926,2.254228019,0
1.071485,0.207292064,0.455293383,0.5297,7.245688373,3.16,0,0.636396103,2.562225595,12.4,2.705032347,37,145.5,587,7.3,19.28004149,2.083828789,1
1.071505,0.207388524,0.455399302,0.5301,8.94427191,1.455,0,0.642650761,2.379705864,11.4,3.253567273,17,166,669,10,19.56527536,1.837252192,0
1.071685,0.208254652,0.456349265,0.5337,4.582575695,3.32,0,0.662570751,2.472852604,52.5,2.610498037,17,120.5,487,7.4,19.84867754,2.070830507,0
1.071895,0.209260603,0.45745011,0.5379,8.94427191,2.185,0,0.630872412,2.405618424,20.6,2.571283726,17,167.5,675,7.05,19.92234926,2.2,0
1.072085,0.210166601,0.45843931,0.5417,8.366600265,1.62,0,0.632455532,2.621259239,36.9,2.79782058,26,178,717,6.4,19.77017956,1.463736999,1
1.07272,0.213166602,0.461699688,0.5544,0,2.12,0,0.678232998,2.478709342,21.7,2.423551114,17,214,861,7.45,19.198177,2.014962686,0
1.0728,0.213541565,0.462105578,0.556,0,7.445,1,0.741619849,2.426520142,45.5,1.764114509,26,137,553,7.2,19.81918263,2.67559519,1
1.07295,0.214242853,0.462863752,0.559,7.245688373,3.16,0,0.636396103,2.512966375,35.1,2.705032347,37,145.5,587,7.3,19.92234926,1.75680975,0
1.07333,0.216009259,0.464767963,0.5666,8.94427191,1.26,0,0.635609943,2.665895722,26.1,2.703516229,5,163.5,659,5.3,18.82312408,1.93428015,1
1.074095,0.219522208,0.468531972,0.5819,8.94427191,2.32,0,0.626099034,2.471436829,21.5,3.03649469,2,156.5,631,7.2,19.82145302,1.563201124,0
1.07466,0.222081066,0.471254779,0.5932,5.744562647,1.59,0,0.687022561,2.617059419,59.8,1.784012332,50,110,445,8.2,19.92234926,1.744084547,1
1.075115,0.224120503,0.47341367,0.6023,5.916079783,3.53,0,0.66174013,2.388723508,17.9,2.576955568,2,151,609,7.45,19.84993703,2.525620513,0
1.075415,0.225455095,0.474821119,0.6083,0,3.095,0,0.717635005,2.513165335,27.6,2.54133823,26,111,449,9.1,19.74107393,1.383275058,0
1.07594,0.227771816,0.477254456,0.6188,0,2.745,0,0.670074623,2.452549694,34.6,2.104091253,10,122.5,495,8.25,19.89949748,2.586084215,0
1.07686,0.231775754,0.481430944,0.6372,0,7.46,0,0.661059755,2.559101405,40.5,2.441393045,17,143.5,579,7,19.82044399,1.718455444,1
1.077125,0.232916294,0.482614022,0.6425,0,2.525,0,0.714142843,2.512966375,62.9,1.82140056,26,147,593,7.3,19.88969582,1.507987241,1
1.077395,0.234072638,0.48381054,0.6479,5.744562647,1.59,0,0.687022561,2.572158627,47.6,1.835755975,50,110,445,8.2,19.83330532,1.988310559,1
1.077485,0.234456819,0.484207413,0.6497,0,3.095,0,0.717635005,2.446425965,34.9,2.193672719,26,111,449,9.1,19.92234926,2.120897307,0
1.077575,0.234840371,0.484603313,0.6515,5.744562647,1.59,0,0.687022561,2.689981413,30.6,2.005492458,50,110,445,8.2,19.84137092,1.632489316,1
1.077805,0.235817726,0.485610674,0.6561,8.366600265,1.62,0,0.632455532,2.65348827,-0.5,2.79782058,26,178,717,6.4,19.27641045,1.177154106,1
1.07801,0.236685445,0.486503284,0.6602,0,1.73,0,0.698569968,2.798392396,43.1,1.788630761,10,95.5,387,7.9,19.81489339,1.109502311,1
1.07822,0.237571042,0.487412599,0.6644,6.32455532,3.705,1,0.668580586,2.599615356,22.4,2.019306812,17,126,509,7.8,19.92234926,0.878829423,1
1.07823,0.237613131,0.487455773,0.6646,0,6.915,0,0.661059755,2.496397404,43.2,2.239218614,26,198,797,8.35,19.6570598,2.512833614,0
1.0789,0.240416306,0.490322655,0.678,0,1.73,0,0.698569968,2.641968963,47.9,1.681963139,10,95.5,387,7.9,19.92234926,1.244994432,1
1.078945,0.240603408,0.490513413,0.6789,3.535533906,3.535,0,0.639531078,2.424458702,10.9,2.549117494,17,171.5,691,8.45,19.90502449,1.846049894,0
1.080235,0.245906486,0.495889591,0.7047,0,1.73,0,0.698569968,2.480524138,58.3,1.810994202,10,95.5,387,7.9,19.67511118,2.626292873,1
1.08038,0.246495436,0.496483067,0.7076,0,6.465,0,0.756967635,2.641211843,80.5,1.472243186,2,135.5,547,9.5,19.92234926,1.374868417,1
1.080635,0.247527776,0.497521634,0.7127,6.32455532,3.705,1,0.668580586,2.612661478,17.1,2.20517573,17,126,509,7.8,19.8355741,1.039607805,1
1.080645,0.247568172,0.49756223,0.7129,4.472135955,2.165,1,0.665507325,2.764959313,39.2,2.282958607,26,107,433,6.45,19.41829035,0.734935157,1
1.080755,0.248012096,0.498008129,0.7151,0,3.095,0,0.717635005,2.442949038,48,2.193672719,26,111,449,9.1,19.92234926,2.047950131,0
1.08081,0.248233761,0.49823063,0.7162,0,2.695,0,0.664830806,2.428579832,41.8,2.830830267,10,175,705,8.4,19.09476368,2.559494346,0
1.081055,0.249218779,0.499218168,0.7211,6.32455532,1.125,0,0.654980916,2.547547841,33.9,2.965147551,2,166.5,671,8.85,19.92234926,1.445403852,1
1.082085,0.253317982,0.503307045,0.7417,0,3.48,0,0.70639932,2.435775031,57.7,1.833112108,26,138.5,559,8.6,19.92234926,2.111269837,0
1.08233,0.254283307,0.504265115,0.7466,8.366600265,1.62,0,0.632455532,2.518928344,9.6,2.79782058,26,178,717,6.4,19.18958051,1.229349681,0
1.08294,0.256670996,0.506627077,0.7588,0,1.73,0,0.698569968,2.786574959,72.8,1.655596569,10,95.5,387,7.9,19.88869025,1.749545417,1
1.083085,0.257235301,0.507183695,0.7617,0,2.12,0,0.678232998,2.422395509,15.3,2.283549868,17,214,861,7.45,19.55607323,2.157530681,0
1.08321,0.257720779,0.507662072,0.7642,0,2.525,0,0.714142843,2.619160171,63.9,1.707424962,26,147,593,7.3,19.780546,1.630589288,1
1.08332,0.258147245,0.508081927,0.7664,0,2.525,0,0.714142843,2.558515194,22.6,1.7698305,26,147,593,7.3,19.77270846,1.308679276,1
1.08362,0.259306768,0.509221728,0.7724,0,2.12,0,0.678232998,2.516545251,6.7,2.283549868,17,214,861,7.45,19.37033815,1.709243437,1
1.08444,0.262449995,0.512298736,0.7888,0,1.73,0,0.698569968,2.478709342,51.7,1.611800236,10,95.5,387,7.9,19.92234926,2.07408523,1
1.084495,0.262659475,0.512503147,0.7899,0,13.325,0,0.76223356,2.422808288,59.2,1.502564474,5,93,377,8.55,19.72688521,2.790778284,0
1.084555,0.262887809,0.512725861,0.7911,6.708203932,2.22,0,0.661059755,2.595958397,20.3,2.545545128,26,198,797,6.6,19.74107393,1.165640783,1
1.085065,0.264820694,0.51460732,0.8013,0,7.445,0,0.741619849,2.577207791,74.6,1.849621583,26,137,553,7.2,19.81867806,2.112876483,1
1.08511,0.264990566,0.514772344,0.8022,0,2.525,0,0.714142843,2.453568829,36.7,1.885444245,26,147,593,7.3,19.83002774,2.179622619,1
1.085755,0.267413537,0.517120428,0.8151,0,2.745,0,0.670074623,2.47406548,46.3,1.935871897,10,122.5,495,8.25,19.87838022,1.905167809,0
1.085825,0.267675176,0.517373343,0.8165,0,13.325,0,0.76223356,2.450306103,73.6,1.482362978,5,93,377,8.55,19.43373356,2.777565354,0
1.08622,0.2691468,0.518793601,0.8244,7.745966692,1.345,0,0.641092817,2.425695776,8,3.272659469,17,204.5,823,8.15,19.80732188,1.791057147,0
1.087515,0.273916046,0.523369894,0.8503,5.744562647,1.59,0,0.687022561,2.723967694,61.4,1.760454487,50,110,445,8.2,19.92234926,1.543619468,1
1.089375,0.280624304,0.529739846,0.8875,6.708203932,2.22,0,0.661059755,2.604227333,30.6,1.946432634,26,198,797,6.6,19.84615832,1.584569597,1
1.08943,0.280820227,0.529924737,0.8886,8.94427191,2.975,0,0.641092817,2.673574386,17.2,2.262012378,17,121.5,491,8.6,19.92234926,0.886796226,1
1.08975,0.281957444,0.530996651,0.895,7.745966692,1.345,0,0.641092817,2.56495614,25.4,3.272659469,17,204.5,823,8.15,19.25564852,1.343074903,1
1.08989,0.282453536,0.531463579,0.8978,6.32455532,3.705,0,0.668580586,2.545977219,21.6,2.034772715,17,126,509,7.8,19.92234926,1.681417536,1
1.09007,0.283090092,0.532062113,0.9014,0,3.48,0,0.70639932,2.418677324,31,1.983481787,26,138.5,559,8.6,19.92234926,1.961418579,0
1.090995,0.28633896,0.535106494,0.9199,0,7.46,0,0.661059755,2.451326172,31.8,2.345783451,17,143.5,579,7,19.92234926,2.224903099,0
1.091105,0.286722863,0.53546509,0.9221,4.69041576,3.43,0,0.656505902,2.637612557,-3.7,2.984409489,50,164,661,8.55,19.64917301,0.878829423,1
1.09122,0.287123667,0.535839217,0.9244,5.477225575,2.965,0,0.654217089,2.545780823,8,2.487950964,37,149,601,7.3,19.47844963,1.521904043,1
1.091325,0.28748913,0.536180129,0.9265,0,7.46,0,0.661059755,2.475277762,7.9,2.345783451,17,143.5,579,7,19.92234926,1.929163703,1
1.09154,0.288236014,0.536876163,0.9308,0,1.73,0,0.698569968,2.367276917,79.3,1.728554309,10,95.5,387,7.9,19.77371993,2.738983819,1
1.09185,0.289309523,0.537875007,0.937,6.708203932,2.22,0,0.661059755,2.680485031,28.4,2.136983856,26,198,797,6.6,19.92234926,1.321637353,1
1.091935,0.289603177,0.538147913,0.9387,0,6.915,0,0.661059755,2.423633636,26.1,2.121933081,26,198,797,8.35,19.90125624,2.016620626,0
1.092235,0.290637231,0.53910781,0.9447,0,2.525,0,0.714142843,2.42053713,58.2,1.643745722,26,147,593,7.3,19.83002774,2.104834939,1
1.09332,0.294346734,0.542537311,0.9664,6.708203932,2.22,0,0.661059755,2.679178979,15.8,2.545545128,26,198,797,6.6,19.76081982,0.694107435,1
1.093535,0.295076261,0.543209224,0.9707,0,6.915,0,0.661059755,2.477902339,35.3,2.022498455,26,198,797,8.35,19.67129889,2.204684072,0
1.094365,0.297875813,0.545780004,0.9873,4.582575695,3.32,0,0.662570751,2.44192547,35.2,2.610498037,17,120.5,487,7.4,19.88869025,2.667424164,0
1.095325,0.301081384,0.548708834,1.0065,4.472135955,3.98,1,0.681175455,2.433105012,51,1.979267541,10,110.5,447,8.3,19.78231533,2.69459064,0
1.09534,0.301131201,0.548754226,1.0068,6.708203932,2.22,0,0.661059755,2.636474919,11,2.545545128,26,198,797,6.6,19.43399084,1.258317958,1
1.095515,0.301711783,0.549282972,1.0103,0,1.73,0,0.698569968,2.674883175,81.7,1.643350237,10,95.5,387,7.9,19.85245577,1.19544984,1
1.09589,0.302952141,0.550410884,1.0178,0,2.525,0,0.714142843,2.532982432,73.6,1.626745217,26,147,593,7.3,19.8871818,2.006659276,1
1.09626,0.304171005,0.551517003,1.0252,5.477225575,2.965,0,0.654217089,2.570213999,31.7,2.487950964,37,149,601,7.3,19.59030372,1.714774392,1
1.09633,0.304401051,0.551725522,1.0266,5.830951895,3.545,0,0.658027355,2.548528987,7.9,2.343437646,50,163.5,659,7.05,19.58596436,1.944486373,1
1.096495,0.304942618,0.552216097,1.0299,0,13.325,0,0.76223356,2.441515923,82.4,1.444610674,5,93,377,8.55,19.44453651,3.234383072,0
1.09689,0.306235204,0.553385222,1.0378,3.535533906,4.435,0,0.723878443,2.42672619,28.5,2.334716257,26,154.5,623,6.6,19.76107285,2.963584237,0
1.09756,0.308415304,0.555351514,1.0512,0,6.915,0,0.661059755,2.507189662,34.5,2.121933081,26,198,797,8.35,19.57626113,1.989983278,0
1.09802,0.309903211,0.55668951,1.0604,6.32455532,3.705,0,0.668580586,2.618014515,32.3,2.065744418,17,126,509,7.8,19.92234926,0.72626765,1
1.09872,0.312153808,0.558707265,1.0744,0,3.48,0,0.70639932,2.416816087,50.9,1.837906418,26,138.5,559,8.6,19.43090322,2.377869151,0
1.099245,0.313831165,0.560206359,1.0849,0,13.325,0,0.76223356,2.424664925,85.3,1.416439197,5,93,377,8.55,19.47767953,3.192851059,0
1.1,0.316227766,0.562341325,1.1,5.830951895,3.545,0,0.658027355,2.642347441,7.2,2.343437646,50,163.5,659,7.05,19.75930161,1.204540769,1
1.10004,0.316354232,0.56245376,1.1008,0,1.73,0,0.698569968,2.56183528,85.1,1.687305544,10,95.5,387,7.9,19.92234926,1.383275058,1
1.100765,0.318637725,0.564480049,1.1153,0,6.915,0,0.661059755,2.505793288,64,2.0130077,26,198,797,8.35,19.33028712,2.459768778,0
1.10145,0.320780299,0.566374698,1.129,5.477225575,2.965,0,0.654217089,2.521507486,42.4,2.652451696,37,149,601,7.3,19.30673458,2.349626845,0
1.10164,0.321372059,0.566896868,1.1328,5,3.065,0,0.673052747,2.434543078,36.7,2.632869157,65,141,569,8.85,19.92234926,2.03644529,0
1.102345,0.323558341,0.568821889,1.1469,6.32455532,3.705,1,0.668580586,2.695737376,38.5,2.187967093,17,126,509,7.8,19.72941966,1.459674775,1
1.10306,0.325760648,0.570754455,1.1612,5.477225575,2.965,0,0.654217089,2.468805379,54.6,2.517161099,37,149,601,7.3,19.86504468,2.521363372,0
1.103295,0.32648124,0.571385369,1.1659,8.94427191,1.455,0,0.642650761,2.436390773,9,3.253567273,17,166,669,10,19.39175082,1.360084744,0
1.103965,0.328527016,0.573172762,1.1793,0,4.78,0,0.721110255,2.488975693,43.9,1.666673333,26,191,769,9.45,19.83658237,2.605551275,0
1.105135,0.33206927,0.576254518,1.2027,5,3.065,0,0.673052747,2.540865994,57.3,2.688029018,65,141,569,8.85,19.92234926,1.594224354,0
1.105345,0.332701067,0.576802451,1.2069,0,7.445,1,0.741619849,2.439467155,83.3,1.699794105,26,137,553,7.2,19.92234926,3.233202098,0
1.106645,0.336585799,0.580160149,1.2329,5.477225575,2.965,0,0.654217089,2.626214005,43.8,2.517161099,37,149,601,7.3,19.78004044,2.373425559,0
1.107125,0.338008876,0.581385307,1.2425,0,7.445,1,0.741619849,2.524480145,81.9,1.833930206,26,137,553,7.2,19.84288286,2.240370349,1
1.1073,0.338526218,0.581830059,1.246,4.472135955,3.98,0,0.681175455,2.55695131,48.2,1.979267541,10,110.5,447,8.3,19.87360058,1.780287755,1
1.10752,0.339175471,0.582387732,1.2504,0,1.945,0,0.667083203,2.482539023,59.1,1.869545399,5,137,553,8,19.79469626,2.367491648,0
1.108735,0.342738968,0.585439124,1.2747,3.535533906,4.435,0,0.723878443,2.451326172,72.4,2.495335649,26,154.5,623,6.6,19.92234926,2.64280112,0
1.111345,0.350271323,0.591837244,1.3269,0,3.955,0,0.669328021,2.463534047,29.5,2.391840296,10,115.5,467,7.95,19.73296734,2.090307428,0
1.111645,0.351126758,0.592559497,1.3329,0,5.505,0,0.739594483,2.431666095,82.4,1.534079529,37,215,865,7.9,19.87334899,3.026164428,0
1.112895,0.35466886,0.595540813,1.3579,6.708203932,2.22,0,0.661059755,2.560468707,18.6,2.136983856,26,198,797,6.6,19.56629755,1.13541565,1
1.113785,0.357169428,0.597636535,1.3757,5.477225575,2.965,0,0.654217089,2.528438253,-2.7,2.652451696,37,149,601,7.3,19.35742752,1.27815715,1
1.11401,0.357798826,0.598162876,1.3802,0,4.78,0,0.721110255,2.544405628,86.6,1.559775625,26,191,769,9.45,19.88064385,2.502855978,0
1.11408,0.357994413,0.598326344,1.3816,3.535533906,3.535,0,0.639531078,2.425901894,22.5,2.549117494,17,171.5,691,8.45,19.92234926,1.964793416,0
1.11466,0.359610901,0.599675663,1.3932,0,7.46,0,0.661059755,2.584182656,20.6,2.441393045,17,143.5,579,7,19.92234926,1.503996805,1
1.11529,0.361358548,0.601131057,1.4058,0,5.505,0,0.739594483,2.423220997,62.6,1.574007624,37,215,865,7.9,18.40190208,2.920459157,0
1.115585,0.362173991,0.601808933,1.4117,0,4.78,0,0.721110255,2.475277762,74.7,1.456845908,26,191,769,9.45,19.6898451,2.753664876,0
1.11579,0.362739576,0.602278653,1.4158,0,5.505,0,0.739594483,2.485155931,62,1.652301425,37,215,865,7.9,19.83179266,2.469870315,0
1.11631,0.36417029,0.603465235,1.4262,0,4.78,0,0.721110255,2.41888404,86.2,1.451516448,26,191,769,9.45,19.85069268,3.058324778,0
1.11777,0.368157575,0.606759899,1.4554,3.535533906,3.535,0,0.639531078,2.365163842,26.3,2.549117494,17,171.5,691,8.45,19.92234926,2.618010503,0
1.117935,0.36860548,0.607128883,1.4587,0,5.795,1,0.699285349,2.462519035,48.6,2.058931762,17,137.5,555,8.3,19.52741662,2.828837944,1
1.11821,0.369350782,0.607742365,1.4642,0,5.795,0,0.699285349,2.427138233,11.8,1.986303099,17,137.5,555,8.3,19.92234926,2.296968304,1
1.11957,0.373014745,0.610749331,1.4914,0,2.525,0,0.714142843,2.36050842,78,1.611241757,26,147,593,7.3,19.92234926,2.832753579,1
1.1198,0.373630834,0.611253494,1.496,0,4.78,0,0.721110255,2.483344519,79.5,1.555956298,26,191,769,9.45,19.81640734,2.511409973,0
1.12015,0.374566416,0.612018313,1.503,4.69041576,3.43,0,0.656505902,2.546958971,2.5,2.719687482,50,164,661,8.55,19.90678276,1.42899156,1
1.12026,0.374859974,0.612258094,1.5052,0,5.795,0,0.699285349,2.524876235,21.8,1.986303099,17,137.5,555,8.3,19.64204674,2.062678566,1
1.120515,0.375539612,0.612812868,1.5103,0,7.46,0,0.661059755,2.406241883,47.5,2.513961018,17,143.5,579,7,19.92234926,2.979949748,0
1.121155,0.377239977,0.614198646,1.5231,0,5.505,0,0.739594483,2.500799872,73.7,1.502165104,37,215,865,7.9,19.71649056,2.232645975,0
1.12238,0.380473389,0.61682525,1.5476,0,5.505,0,0.739594483,2.39395071,54.7,1.661083983,37,215,865,7.9,19.78635894,2.689173349,0
1.12466,0.386419461,0.621626464,1.5932,5,3.065,0,0.673052747,2.396038397,55.7,2.688010417,65,141,569,8.85,19.87737407,2.626292873,0
1.12519,0.387788602,0.622726748,1.6038,0,13.325,0,0.76223356,2.419917354,86.5,1.394417441,5,93,377,8.55,19.24344044,4.040833264,0
1.12549,0.388561449,0.623346974,1.6098,0,5.505,0,0.739594483,2.453772606,72.1,1.65752828,37,215,865,7.9,19.8622758,2.209361307,0
1.12938,0.398446985,0.631226572,1.6876,0,5.905,0,0.642650761,2.441515923,7,2.299412969,17,151.5,611,8.6,19.4149427,2.143246729,0
1.131055,0.402628861,0.634530426,1.7211,4.472135955,3.98,0,0.681175455,2.497999199,5.8,2.104518947,10,110.5,447,8.3,19.92234926,1.567099531,1
1.132195,0.405450367,0.636749846,1.7439,4.69041576,3.43,0,0.656505902,2.53633594,38.6,2.797588247,50,164,661,8.55,19.35742752,2.085449724,1
1.1338,0.40938979,0.639835752,1.776,0,4.19,0,0.702139587,2.534955621,41.8,2.130821438,26,142.5,575,8.8,19.92234926,1.683281573,1
1.13451,0.41112042,0.641186728,1.7902,0,13.325,0,0.76223356,2.446630336,77.9,1.411701102,5,93,377,8.55,19.62192651,2.848376281,0
1.13502,0.412359067,0.642151903,1.8004,3.535533906,4.435,0,0.723878443,2.450306103,75.4,2.56750852,26,154.5,623,6.6,19.66494343,3.135214626,0
1.1356,0.413763217,0.643244291,1.812,0,4.78,0,0.721110255,2.415781447,81.4,1.486943173,26,191,769,9.45,19.89145545,3.319722213,0
1.13567,0.413932362,0.643375755,1.8134,0,5.505,0,0.739594483,2.434748447,77.7,1.569426647,37,215,865,7.9,18.57175274,2.969886648,0
1.13571,0.414028984,0.643450841,1.8142,0,3.955,0,0.669328021,2.383694611,23.3,2.258406518,10,115.5,467,7.95,19.92234926,2.195309062,0
1.135855,0.414379054,0.643722808,1.8171,5,3.065,0,0.673052747,2.442539662,82.9,2.611225766,65,141,569,8.85,19.44427936,2.8,0
1.13723,0.417684091,0.646284837,1.8446,0,5.795,1,0.699285349,2.441311123,81.6,1.969035297,17,137.5,555,8.3,19.83053202,3.155718951,0
1.139495,0.423072098,0.650439926,1.8899,0,5.345,0,0.764852927,2.38117618,18.3,1.672901671,37,194.5,783,8.6,19.83154054,3.195235393,1
1.140795,0.426133782,0.652789232,1.9159,0,4.19,0,0.702139587,2.525074256,43.8,2.130821438,26,142.5,575,8.8,19.92234926,1.621068484,1
1.14418,0.434004608,0.658790261,1.9836,0,3.955,0,0.669328021,2.405410568,22.8,2.258406518,10,115.5,467,7.95,19.92234926,2.761648575,0
1.145365,0.436726459,0.660852827,2.0073,4.69041576,3.43,0,0.656505902,2.591910492,7,2.797588247,50,164,661,8.55,19.84288286,1.561249695,1
1.145665,0.437412848,0.661371944,2.0133,4.69041576,3.43,0,0.656505902,2.36748812,59.7,2.820443228,50,164,661,8.55,19.72637828,3.296510212,0
1.14593,0.438018264,0.661829483,2.0186,0,4.19,0,0.702139587,2.53594164,4.2,2.327208628,26,142.5,575,8.8,19.84137092,1.253885534,1
1.148285,0.443362154,0.665854454,2.0657,4.69041576,3.43,0,0.656505902,2.495195383,68.7,2.838221274,50,164,661,8.55,19.39432907,2.185906464,0
1.14901,0.444994382,0.667078992,2.0802,0,5.795,0,0.699285349,2.486362805,31.9,1.986303099,17,137.5,555,8.3,19.84011089,2.077336511,1
1.15304,0.453960351,0.673765798,2.1608,4.69041576,3.43,0,0.656505902,2.364952431,66,2.820443228,50,164,661,8.55,19.3,2.535533906,0
1.15519,0.458671996,0.677253273,2.2038,4.472135955,2.165,0,0.665507325,2.609980843,21.7,2.025018518,26,107,433,6.45,19.92234926,1.202271555,1
1.15562,0.459608529,0.677944341,2.2124,3.535533906,4.435,0,0.723878443,2.372972819,89.5,2.466191396,26,154.5,623,6.6,19.66290925,4.470831747,0
1.155805,0.460010869,0.678241011,2.2161,0,4.78,0,0.721110255,2.477296914,76.9,1.647634668,26,191,769,9.45,19.86126884,2.666060556,0
1.157045,0.462698606,0.680219528,2.2409,4.69041576,3.43,0,0.656505902,2.537321422,-1.6,2.719687482,50,164,661,8.55,19.41829035,0.894729532,1
1.158595,0.466036479,0.682668645,2.2719,0,5.795,1,0.699285349,2.409771773,43.3,1.911177647,17,137.5,555,8.3,19.77220271,3.003748244,0
1.159885,0.468796331,0.684687031,2.2977,0,3.955,0,0.669328021,2.366854453,51.5,2.467326488,10,115.5,467,7.95,19.92234926,3.024922359,0
1.16094,0.471041399,0.686324558,2.3188,4.472135955,3.98,1,0.681175455,2.773265224,41.3,2.08961719,10,110.5,447,8.3,19.76790328,1.565151068,1
1.16106,0.471296085,0.686510077,2.3212,0,5.505,0,0.739594483,2.468197723,84.9,1.596245595,37,215,865,7.9,19.92234926,3.134005322,0
1.162445,0.474225685,0.688640461,2.3489,3.535533906,4.435,0,0.723878443,2.525272263,83.8,2.519265766,26,154.5,623,6.6,19.8121175,3.522167622,0
1.16438,0.478288616,0.691584135,2.3876,0,4.78,0,0.721110255,2.530810147,74.9,1.647634668,26,191,769,9.45,8.414273587,2.260368077,0
1.164635,0.47882147,0.691969269,2.3927,0,3.955,0,0.669328021,2.455605832,75,2.385246319,10,115.5,467,7.95,19.81766888,3.335896678,0
1.164845,0.479259846,0.692285957,2.3969,0,5.795,0,0.699285349,2.515154071,42,2.086839716,17,137.5,555,8.3,19.87133614,2.312099032,1
1.170515,0.490948062,0.70067686,2.5103,0,4.19,0,0.702139587,2.466373856,33.2,2.327208628,26,142.5,575,8.8,19.92234926,2.576310948,0
1.17261,0.495196931,0.703702302,2.5522,0,5.45,0,0.737563557,2.404578965,61.2,2.007909361,17,151,609,8.2,19.92234926,2.992492956,0
1.1749,0.49979996,0.706965317,2.598,0,11.445,0,0.789936706,2.420123964,87.7,1.291743008,17,217.5,875,9.6,19.8,3.617358552,0
1.175995,0.501986056,0.708509743,2.6199,0,5.795,0,0.699285349,2.404786893,62.2,2.086839716,17,137.5,555,8.3,19.73398085,3.249705872,0
1.17678,0.503547416,0.70961075,2.6356,0,5.45,0,0.737563557,2.388514182,67.2,1.986202407,17,151,609,8.2,19.91029884,2.391164992,0
1.176935,0.503855138,0.709827541,2.6387,0,3.955,0,0.669328021,2.323574832,84.8,2.422808288,10,115.5,467,7.95,19.92234926,4.550675635,0
1.179575,0.509067775,0.713489857,2.6915,0,11.445,0,0.789936706,2.386000838,85.5,1.337273345,17,217.5,875,9.6,19.8017676,3.146082488,0
1.180845,0.511556448,0.715231745,2.7169,0,5.45,0,0.737563557,2.454180107,79.9,1.683448841,17,151,609,8.2,19.9072851,2.423448554,0
1.181815,0.513449121,0.716553641,2.7363,0,4.78,0,0.721110255,2.495796466,80.7,1.595336955,26,191,769,9.45,19.77953488,2.943348831,0
1.18469,0.519018304,0.72042925,2.7938,0,5.45,0,0.737563557,2.503197955,72.3,1.80632223,17,151,609,8.2,19.83406161,1.810693865,0
1.189785,0.528743794,0.727147711,2.8957,0,5.345,0,0.764852927,2.434337692,32.1,1.543275737,37,194.5,783,8.6,19.92234926,2.686461718,1
1.19196,0.53284144,0.729959889,2.9392,0,4.19,0,0.702139587,2.389142105,63.8,2.172809242,26,142.5,575,8.8,19.77700685,2.42636834,0
1.194775,0.538098504,0.733551978,2.9955,0,5.795,0,0.699285349,2.326370564,-0.7,1.894069692,17,137.5,555,8.3,18.67966809,4.43599117,1
1.19545,0.539351462,0.734405516,3.009,0,11.445,0,0.789936706,2.484753509,83.1,1.269606238,17,217.5,875,9.6,19.69974619,3.915282291,0
1.199095,0.546067761,0.738963978,3.0819,0,3.6,0,0.709929574,2.772363613,6.5,1.837144523,65,152.5,615,7.7,19.42961657,0.979898987,1
1.19958,0.546955208,0.739564202,3.0916,4.472135955,3.98,0,0.681175455,2.419917354,31.6,2.104518947,10,110.5,447,8.3,19.71420807,2.605551275,0
1.201735,0.550881112,0.742213657,3.1347,0,4.19,0,0.702139587,2.5123694,18.4,2.327208628,26,142.5,575,8.8,19.92234926,1.479919354,1
1.207665,0.561542518,0.749361407,3.2533,0,3.6,0,0.709929574,2.875065217,67.8,1.701293625,65,152.5,615,7.7,19.62269095,1.034698995,1
1.209135,0.564154234,0.751102013,3.2827,0,5.45,0,0.737563557,2.431871707,72.7,1.999649969,17,151,609,8.2,19.76613265,3.281354926,0
1.21132,0.568014084,0.753667091,3.3264,0,11.445,0,0.789936706,2.437621792,83,1.402462121,17,217.5,875,9.6,19.44865034,3.110960958,0
1.212715,0.570464723,0.755291151,3.3543,0,11.445,0,0.789936706,2.53594164,88.3,1.346291202,17,217.5,875,9.6,19.92234926,2.923009049,0
1.21491,0.574299573,0.757825556,3.3982,0,11.445,0,0.789936706,2.412882094,84.9,1.57159155,17,217.5,875,9.6,19.71522255,2.876854395,0
1.215225,0.574847806,0.758187184,3.4045,0,3.6,0,0.712039325,2.466981962,51,1.910994505,65,152.5,615,7.7,19.41004894,2.2984845,1
1.215735,0.575734314,0.758771582,3.4147,0,3.6,0,0.712039325,2.871759043,59.9,1.910994505,65,152.5,615,7.7,19.46663813,0.987460691,1
1.219915,0.582949397,0.763511229,3.4983,4.69041576,3.43,0,0.656505902,2.471436829,24.4,2.838221274,50,164,661,8.55,19.75297446,2.02654919,1
1.22003,0.583146637,0.763640384,3.5006,0,11.445,0,0.789936706,2.54125953,88.4,1.455506785,17,217.5,875,9.6,19.8756132,2.54964787,0
1.220545,0.584029109,0.764217972,3.5109,0,4.19,0,0.702139587,2.532785028,29.6,2.172809242,26,142.5,575,8.8,19.92234926,1.473863375,1
1.2247,0.591100668,0.768830715,3.594,0,5.45,0,0.737563557,2.443767583,66.2,1.761391495,17,151,609,8.2,19.90577806,2.157530681,0
1.22557,0.592570671,0.76978612,3.6114,0,4.19,0,0.702139587,2.457844584,39.4,2.172809242,26,142.5,575,8.8,19.92234926,1.774887385,0
1.226165,0.593573921,0.770437487,3.6233,0,11.445,0,0.789936706,2.540472397,87.9,1.360073527,17,217.5,875,9.6,19.85144831,2.819685851,0
1.229045,0.598406217,0.773567202,3.6809,0,3.6,1,0.712039325,2.636474919,78,1.691655993,65,152.5,615,7.7,19.79141228,2.11608729,1
1.23447,0.607404313,0.779361478,3.7894,4.69041576,3.43,0,0.656505902,2.873847595,-2.1,2.984409489,50,164,661,8.55,19.92234926,0.881488772,1
1.2346,0.607618301,0.77949875,3.792,0,5.45,0,0.737563557,2.562615851,76.8,1.897972603,17,151,609,8.2,19.89195817,2.046309242,1
1.23789,0.613008972,0.782948895,3.8578,0,5.795,1,0.699285349,2.324650511,78.1,1.914418972,17,137.5,555,8.3,19.88064385,3.896937819,0
1.24107,0.618174733,0.786240887,3.9214,0,3.6,0,0.709929574,2.835489376,76,1.793237296,65,152.5,615,7.7,19.68197145,0.769180601,1
1.243675,0.622374485,0.788907146,3.9735,0,13.325,0,0.76223356,2.369177072,85.1,1.325594206,5,93,377,8.55,18.95494658,4.221110993,0
1.25101,0.634050471,0.796272862,4.1202,0,5.45,0,0.737563557,2.526262061,56.7,1.879494613,17,151,609,8.2,19.87988934,2.218695388,1
1.253855,0.63852173,0.799075547,4.1771,0,3.6,1,0.712039325,2.482740421,80.8,1.745852227,65,152.5,615,7.7,19.88064385,3.632493929,0
1.25619,0.642168202,0.801353981,4.2238,0,3.6,0,0.709929574,2.67637815,69.4,1.793237296,65,152.5,615,7.7,19.28937531,1.521904043,1
1.267855,0.660083328,0.812455124,4.4571,0,5.795,1,0.699285349,2.311709324,89.5,1.968501969,17,137.5,555,8.3,19.92234926,3.805205511,0
1.27089,0.664665329,0.815270096,4.5178,0,3.6,0,0.709929574,2.559687481,10.9,1.837144523,65,152.5,615,7.7,19.50230756,0.939071943,1
1.273955,0.669260786,0.818083606,4.5791,0,3.6,1,0.712039325,2.593453296,56,1.910994505,65,152.5,615,7.7,18.97893569,1.837252192,1
1.28148,0.68041164,0.824870681,4.7296,0,3.6,0,0.709929574,2.722498852,66.4,1.916115863,65,152.5,615,7.7,19.39432907,1.291287847,1
1.287735,0.689543327,0.830387456,4.8547,0,5.45,0,0.737563557,2.472448179,48.3,2.000474944,17,151,609,8.2,19.90552687,2.567912555,0
1.29649,0.702125345,0.8379292,5.0298,0,5.45,0,0.737563557,2.575849374,72,1.82140056,17,151,609,8.2,19.92234926,1.130727575,1
1.305915,0.715422952,0.845826786,5.2183,0,3.6,0,0.712039325,2.712563363,61.1,2.036663939,65,152.5,615,7.7,19.75018987,1.174856317,1
1.31007,0.721207321,0.84923926,5.3014,4.472135955,2.485,0,0.804363102,2.897930296,81,1.5127789,26,131,529,5.5,19.66875695,1.431049156,1
1.31029,0.721512301,0.849418802,5.3058,0,3.6,1,0.712039325,2.575072815,66,2.036663939,65,152.5,615,7.7,19.70913494,2.088689042,1
1.313465,0.725899442,0.851997325,5.3693,0,3.6,0,0.709929574,2.953811098,72.5,1.701293625,65,152.5,615,7.7,19.54482029,1.151743479,1
1.31706,0.730835139,0.854888963,5.4412,4.472135955,2.485,0,0.804363102,2.74226184,78.9,1.462805524,26,131,529,5.5,19.70710532,1.694438717,1
1.3185,0.732802838,0.85603904,5.47,0,3.6,0,0.709929574,2.445608309,57.6,1.916115863,65,152.5,615,7.7,19.45122104,2.413209633,1
1.320055,0.734921765,0.857275781,5.5011,4.472135955,2.485,0,0.804363102,2.683840532,71.3,1.453306575,26,131,529,5.5,19.81918263,2.096772513,1
1.32025,0.735187051,0.857430493,5.505,4.472135955,2.485,0,0.758287544,2.733130074,42.1,1.694697613,26,131,529,5.5,19.75601174,0.777638883,1
1.32226,0.737915984,0.859020363,5.5452,0,11.445,0,0.789936706,2.480120965,87.4,1.291781715,17,217.5,875,9.6,19.92234926,3.296510212,0
1.325035,0.741667041,0.86120093,5.6007,4.472135955,2.485,0,0.804363102,2.684399374,81.1,1.389280389,26,131,529,5.5,19.6949232,1.846049894,1
1.32889,0.746846704,0.86420293,5.6778,0,11.445,0,0.789936706,2.51694259,87.7,1.452824835,17,217.5,875,9.6,19.86630313,3.118252056,0
1.337645,0.758478741,0.87090685,5.8529,0,3.6,0,0.712039325,2.887386361,62.8,1.959183503,65,152.5,615,7.7,19.64459213,0.571623365,1
1.33917,0.760486686,0.872058878,5.8834,4.472135955,2.485,0,0.758287544,2.880451354,56.5,1.556149093,26,131,529,5.5,19.60969148,1.727636339,1
1.35577,0.78201023,0.884313423,6.2154,4.472135955,2.485,0,0.804363102,2.950254226,76.4,1.342013413,26,131,529,5.5,19.74082065,1.2627417,1
1.35735,0.784028061,0.88545359,6.247,0,3.6,0,0.712039325,2.572547376,70.3,1.80889469,65,152.5,615,7.7,19.92234926,1.75680975,1
1.36178,0.789658154,0.888627117,6.3356,0,3.6,1,0.712039325,2.62278478,67.2,1.80889469,65,152.5,615,7.7,19.7582894,2.151190251,1
1.363695,0.792079541,0.889988506,6.3739,0,4.57,0,0.733484833,2.415367467,46,2.120990335,17,152.5,615,9.5,19.89019859,1.910326442,0
1.36488,0.793574193,0.890827813,6.3976,0,4.57,0,0.733484833,2.439057195,51.3,2.169677395,17,152.5,615,9.5,19.92234926,1.874021573,0
1.36898,0.798723982,0.893713591,6.4796,0,4.57,0,0.733484833,2.469007898,74,2.112320998,17,152.5,615,9.5,19.49410167,2.203123476,0
1.378325,0.810339435,0.900188555,6.6665,4.472135955,2.485,0,0.804363102,2.615721698,89.5,1.417991537,26,131,529,5.5,19.79722203,1.626785107,1
1.381755,0.814561232,0.90253046,6.7351,4.472135955,2.485,0,0.804363102,2.707951255,89.5,1.376444696,26,131,529,5.5,19.57779354,1.791057147,1
1.385955,0.819701165,0.905373495,6.8191,0,4.57,0,0.733484833,2.411016383,79.8,2.163792966,17,152.5,615,9.5,19.41339744,2.848376281,0
1.4129,0.851938965,0.923005398,7.358,0,4.57,0,0.733484833,2.393115125,59,1.948460931,17,152.5,615,9.5,19.77245559,2.358571125,0
1.42513,0.866175502,0.930685501,7.6026,0,4.57,0,0.733484833,2.433926868,83.6,2.097522348,17,152.5,615,9.5,19.85774408,3.037325848,0
1.43081,0.872708428,0.934188647,7.7162,4.472135955,2.485,0,0.804363102,2.357965225,52.3,1.40943251,26,131,529,5.5,19.80908882,2.232645975,1
1.436495,0.879198499,0.937655853,7.8299,0,4.57,0,0.733484833,2.548528987,83.9,2.110616024,17,152.5,615,9.5,19.69619253,2.577708764,0
1.4421,0.885550676,0.941037022,7.942,0,4.57,0,0.733484833,2.44744765,71.2,2.063467955,17,152.5,615,9.5,19.66596044,2.8301436,0
1.44285,0.886397202,0.941486698,7.957,4.472135955,2.485,0,0.804363102,2.648395741,74.1,1.460445138,26,131,529,5.5,19.59770395,2.845776905,1
1.445205,0.889050055,0.942894509,8.0041,0,5.45,0,0.737563557,2.474267568,42.3,1.624899997,17,151,609,8.2,19.92234926,1.445403852,0
1.451355,0.895940846,0.946541519,8.1271,0,4.57,0,0.733484833,2.335808211,26.1,1.948460931,17,152.5,615,9.5,16.99970588,2.419064199,0
1.46263,0.90843822,0.953120255,8.3526,4.472135955,2.485,0,0.804363102,2.70684318,84,1.441804425,26,131,529,5.5,19.83481787,2.354101966,1
1.47027,0.916809686,0.957501794,8.5054,0,4.57,0,0.733484833,2.366220615,75.2,2.110592334,17,152.5,615,9.5,17.41895519,3.063249931,0
1.47602,0.923060128,0.960760182,8.6204,0,4.57,0,0.733484833,2.442334948,78.7,2.00307264,17,152.5,615,9.5,19.81236987,2.718870796,0
1.490625,0.938749168,0.968890689,8.9125,0,11.445,0,0.789936706,2.374236719,84.2,1.407089194,17,217.5,875,9.6,19.92234926,3.282522621,0
1.527885,0.977634901,0.988754217,9.6577,0,4.57,0,0.733484833,2.459064863,78.3,2.110308034,17,152.5,615,9.5,17.50371389,3.156921938,0
1.538085,0.988013158,0.99398851,9.8617,0,11.445,0,0.789936706,2.399374919,87.9,1.53166576,17,217.5,875,9.6,16.20987353,3.160528813,0
1.544215,0.994198169,0.997094865,9.9843,0,4.57,0,0.733484833,2.411016383,89.5,2.023660051,17,152.5,615,9.5,19.86303099,3.458699362,0
1.551225,1.001224251,1.000611938,10.1245,0,4.57,0,0.733484833,2.583408601,76.8,2.058883192,17,152.5,615,9.5,19.49948717,2.46121366,0
1.61329,1.06140473,1.030244985,11.3658,0,10.29,1,0.933273808,2.238749651,77.5,1.268936563,26,200.5,807,6.35,18.52781692,2.481379037,0
1.615405,1.063395505,1.031210699,11.4081,0,4.57,0,0.733484833,2.390188277,83.6,2.057425576,17,152.5,615,9.5,18.97814533,3.75394573,0
1.62586,1.073182184,1.035945068,11.6172,0,4.57,0,0.733484833,2.387676695,84.5,1.946072969,17,152.5,615,9.5,18.94122488,3.283689998,0
1.64647,1.092217927,1.045092305,12.0294,0,11.445,0,0.789936706,2.515154071,87.2,1.506983742,17,217.5,875,9.6,19.92234926,2.50142828,0
1.65371,1.098826647,1.048249325,12.1742,0,10.29,0,0.777817459,2.423839929,84.1,1.557530096,26,200.5,807,6.35,17.09649087,2.798683983,0
1.666235,1.110166654,1.053644463,12.4247,0,4.57,0,0.733484833,2.478305873,81.2,1.994216638,17,152.5,615,9.5,19.92234926,3.326661531,0
1.675895,1.118834215,1.057749599,12.6179,0,4.57,0,0.733484833,2.360084744,87.6,1.948820156,17,152.5,615,9.5,19.40541162,3.584757355,0
1.72736,1.163924396,1.078853278,13.6472,0,4.57,0,0.733484833,2.464142853,89.5,2.043281674,17,152.5,615,9.5,19.40953374,2.611094017,0
1.743995,1.178129874,1.085416913,13.9799,0,4.57,0,0.733484833,2.439262184,71.5,1.997498436,17,152.5,615,9.5,15.25122946,4.264028875,0
1.756925,1.189054246,1.09043764,14.2385,0,10.29,1,0.933273808,2.475681724,85.5,1.322648857,26,200.5,807,6.35,17.917031,2.888444419,0
1.78168,1.209694176,1.09986098,14.7336,0,10.29,0,0.777817459,2.736603735,80.3,1.40388746,26,200.5,807,6.35,19.3501938,0.315294644,1
1.79816,1.223241595,1.106002529,15.0632,0,10.29,0,0.933273808,2.324650511,89.5,1.261586303,26,200.5,807,6.35,18.48242408,2.644173432,0
1.80951,1.232485294,1.110173542,15.2902,0,10.29,1,0.777817459,2.893959226,83.4,1.470374102,26,200.5,807,6.35,19.70913494,0.822086716,1
1.85641,1.269968504,1.126928793,16.2282,0,4.57,0,0.733484833,2.469007898,86.4,1.939020371,17,152.5,615,9.5,15.75785518,3.509988914,0
1.86432,1.276181805,1.12968217,16.3864,0,11.445,0,0.789936706,2.240312478,89.5,1.199749974,17,217.5,875,9.6,19.92234926,4.86600375,0
1.8783,1.28708974,1.134499775,16.666,0,10.29,0,0.933273808,2.474267568,86.8,1.272006289,26,200.5,807,6.35,19.30802942,2.754996671,0
1.95014,1.341745132,1.158337227,18.1028,0,10.29,0,0.777817459,2.424252462,68.7,1.557530096,26,200.5,807,6.35,15.08674915,2.484250278,1
1.966885,1.354167641,1.163687089,18.4377,0,10.29,1,0.777817459,2.793206043,87.7,1.428530714,26,200.5,807,6.35,19.73854098,0.385640646,1
2.055095,1.417811694,1.190718982,20.2019,0,10.29,0,0.777817459,2.815848007,85.7,1.430349608,26,200.5,807,6.35,19.21717981,0.923538406,1
2.12459,1.466008186,1.21078825,21.5918,0,10.29,0,0.933273808,2.389351376,88,1.274048665,26,200.5,807,6.35,16.18486948,2.973663297,0
2.127525,1.468008856,1.211614153,21.6505,0,10.29,0,0.933273808,2.372340616,89.5,1.231503147,26,200.5,807,6.35,13.01038047,3.080441153,0
2.17118,1.497451168,1.223703873,22.5236,0,10.29,0,0.777817459,2.419504081,81.3,1.55627761,26,200.5,807,6.35,19.87737407,2.411744422,1
2.2002,1.516706959,1.231546572,23.104,0,10.29,0,0.777817459,2.513762121,85.6,1.449137675,26,200.5,807,6.35,17.23629891,2.33166625,1
2.20695,1.52115088,1.233349456,23.239,0,10.29,0,0.777817459,2.424871131,86.8,1.545541976,26,200.5,807,6.35,18.65824215,2.468429039,0
2.215495,1.526758003,1.235620493,23.4099,0,10.29,0,0.933273808,2.277279078,83.3,1.236769987,26,200.5,807,6.35,18.894179,4.321653878,0
2.23431,1.539032163,1.240577351,23.7862,0,10.29,0,0.933273808,2.219459394,85.2,1.208635594,26,200.5,807,6.35,19.79166491,4.434151268,0
2.23967,1.54251094,1.241978639,23.8934,0,10.29,0,0.933273808,2.475883681,89.5,1.191259837,26,200.5,807,6.35,13.14952471,4.272570531,0
2.27334,1.56418669,1.250674494,24.5668,0,10.29,0,0.933273808,2.296083622,83.5,1.317725313,26,200.5,807,6.35,9.414350748,3.017461885,0
2.274765,1.565097441,1.251038545,24.5953,0,10.29,0,0.777817459,2.530217382,84.7,1.504160896,26,200.5,807,6.35,18.16700305,2.364520768,0
2.36774,1.623416151,1.27413349,26.4548,0,5.45,0,0.737563557,2.230022421,27.3,1.587261793,17,151,609,8.2,18.72030983,2.555277767,0
2.416985,1.653472104,1.285874062,27.4397,0,10.29,0,0.933273808,2.365797963,84.4,1.235192293,26,200.5,807,6.35,18.7576651,3.631414471,0
2.43987,1.667255229,1.291222378,27.8974,0,10.29,0,0.933273808,2.214271889,87.3,1.160129303,26,200.5,807,6.35,19.92234926,4.412023651,0
2.512,1.70997076,1.307658503,29.34,0,10.29,0,0.777817459,2.470020243,82.5,1.51109232,26,200.5,807,6.35,15.4970965,2.132091953,1
2.710525,1.822374824,1.349953638,33.3105,0,10.29,1,0.933273808,2.324435415,89.5,1.149608629,26,200.5,807,6.35,19.92234926,4.17880295,0
2.78714,1.863942059,1.365262634,34.8428,0,9.55,1,0.847348807,2.963106478,72.4,1.380108691,577,332,1333,9.1,18.82949813,1.3,0
2.817505,1.880162227,1.371190077,35.4501,0,10.29,1,0.933273808,2.48032256,72.1,1.321173721,26,200.5,807,6.35,9.381364506,2.875564475,0
2.83434,1.889095021,1.374443532,35.7868,0,9.55,0,0.761577311,2.537124356,64.5,1.701910691,577,332,1333,9.1,19.83355742,2.789459064,1
2.88911,1.917868609,1.384871333,36.8822,0,9.55,0,0.877496439,2.315599274,85.7,1.450379261,577,332,1333,9.1,19.51384124,2.19217794,0
2.898475,1.922745433,1.386630965,37.0695,0,9.55,0,0.847348807,2.227779163,80.9,1.323744688,577,332,1333,9.1,17.77723263,2.741657387,0
2.96842,1.958785338,1.399566125,38.4684,0,9.55,0,0.877496439,2.500199992,80.6,1.515090756,577,332,1333,9.1,18.72565086,2.76696164,0
2.97485,1.962065238,1.400737391,38.597,0,9.55,1,0.877496439,2.528833723,80.5,1.58278236,577,332,1333,9.1,19.78231533,2.64280112,0
3.0987,2.024203547,1.422745075,41.074,0,10.29,0,0.933273808,2.338375504,89.5,1.188191904,26,200.5,807,6.35,19.92234926,4.14003891,0
3.161195,2.054845493,1.433473227,42.3239,0,9.55,1,0.877496439,2.408941676,78.5,1.380108691,577,332,1333,9.1,18.78935869,2.826225294,0
3.180655,2.064294068,1.43676514,42.7131,0,9.55,0,0.877496439,2.472245942,70.8,1.584013889,577,332,1333,9.1,19.76714446,2.559494346,1
3.32096,2.131178078,1.459855499,45.5192,0,9.55,0,0.877496439,2.529426813,77.5,1.586883739,577,332,1333,9.1,19.35355265,1.791057147,1
3.327935,2.134448406,1.460975156,45.6587,0,9.55,0,0.847348807,1.887061207,77.4,1.270118105,577,332,1333,9.1,18.83348083,1.668332813,1
3.373445,2.155664631,1.468218182,46.5689,0,9.55,0,0.783581521,2.641968963,57.1,1.591508718,577,332,1333,9.1,19.3566526,2.414674216,1
3.49911,2.213192265,1.487680162,49.0822,0,9.55,0,0.794355084,2.229349681,89.5,1.154339638,577,332,1333,9.1,19.37833842,0.805547009,1
3.650885,2.280738915,1.510211547,52.1177,0,9.55,1,0.877496439,2.475277762,72.9,1.650060605,577,332,1333,9.1,19.8854218,2.388214869,1
3.696525,2.300662948,1.516793641,53.0305,0,9.55,0,0.836660027,2.459878046,72,1.472345068,577,332,1333,9.1,19.45199219,3.331281566,1
3.840535,2.362428835,1.537019465,55.9107,0,9.55,0,0.844393273,2.536927275,77.4,1.521775279,577,332,1333,9.1,10.00949549,3.027406113,0
3.883185,2.38041383,1.542858979,56.7637,0,9.55,0,0.860232527,2.493792293,89.5,1.415909602,577,332,1333,9.1,19.89195817,3.073082371,0
3.88499,2.38117198,1.543104656,56.7998,0,9.55,1,0.794355084,2.585149899,86.3,1.164774656,577,332,1333,9.1,19.37343542,0.931320792,1
3.90409,2.389179776,1.545697181,57.1818,0,9.55,0,0.729383301,2.598076211,64.4,1.825294497,577,332,1333,9.1,19.82599304,1.782085549,1
3.91558,2.393984127,1.547250506,57.4116,0,9.55,0,0.729383301,2.657254222,66.5,1.846780983,577,332,1333,9.1,19.88164983,1.647640459,1
3.962005,2.413298572,1.553479505,58.3401,0,9.55,0,0.729383301,2.498399488,54.2,1.850459402,577,332,1333,9.1,19.92234926,2.277193922,1
3.986025,2.423231314,1.556673156,58.8205,0,9.55,0,0.832466216,2.530810147,85.5,1.294913124,577,332,1333,9.1,19.92234926,3.401136217,0
4.194035,2.507602441,1.583541108,62.9807,0,9.55,0,0.860232527,2.51813423,85.9,1.439444337,577,332,1333,9.1,17.83283488,3.217819342,0
4.272025,2.538513344,1.593271271,64.5405,0,9.55,0,0.764198927,2.534758371,64.3,1.483374531,577,332,1333,9.1,9.896969233,2.468429039,0
4.31938,2.55709992,1.599093468,65.4876,0,9.55,1,0.794355084,2.648773301,87,1.096540013,577,332,1333,9.1,19.80025252,0.720465053,1
4.531075,2.638588638,1.624373306,69.7215,0,9.55,0,0.836660027,2.390188277,86.5,1.38798415,577,332,1333,9.1,19.86026183,3.136423576,0
4.561295,2.650016981,1.627887275,70.3259,0,9.55,0,0.847348807,2.450714182,84.8,1.369160327,577,332,1333,9.1,17.88798479,2.962322551,0
4.57521,2.655262699,1.629497683,70.6042,0,9.55,0,0.783581521,2.470425065,74.6,1.421900137,577,332,1333,9.1,1.587450787,3.825971405,0
4.733555,2.714242067,1.647495696,73.7711,0,9.55,0,0.824014563,2.488573889,67.6,1.391258423,577,332,1333,9.1,9.835141077,3.638965402,0
4.751945,2.721009004,1.649548121,74.1389,0,9.55,0,0.772657751,2.370021097,87.4,1.206109448,577,332,1333,9.1,17.7380946,4.138093031,0
4.88601,2.769841151,1.664283975,76.8202,0,9.55,0,0.832466216,2.397290137,88.4,1.278045383,577,332,1333,9.1,19.82674961,3.463182721,0
5.04624,2.827097451,1.68139747,80.0248,0,9.55,0,0.836660027,2.349468025,89.5,1.238184154,577,332,1333,9.1,19.92234926,3.955804677,0
5.12587,2.855125216,1.689711578,81.6174,0,9.55,0,0.836660027,2.321637353,88.4,1.314572174,577,332,1333,9.1,19.92234926,3.566180023,0
5.183625,2.875282595,1.695665826,82.7725,0,9.55,1,0.81731267,2.423839929,79.1,1.06282642,577,332,1333,9.1,18.65154149,1.979932885,1
5.296065,2.914125941,1.707081117,85.0213,0,9.55,0,0.764198927,2.519523765,75.6,1.432724677,577,332,1333,9.1,9.135097153,3.2,0
5.37238,2.940197272,1.714700345,86.5476,0,9.55,0,0.832466216,2.488573889,82.1,1.338357202,577,332,1333,9.1,19.92234926,2.894868419,0
5.408375,2.952414266,1.71825908,87.2675,0,9.55,0,0.832466216,2.543816031,88.3,1.313659012,577,332,1333,9.1,19.79848479,3.137632173,0
5.44606,2.965150924,1.72196136,88.0212,0,9.55,0,0.764198927,2.359025222,60.1,1.436488775,577,332,1333,9.1,1.910497317,3.142463035,0
5.54148,2.997158654,1.731230387,89.9296,0,9.55,1,0.877496439,2.492388413,86.9,1.456777265,577,332,1333,9.1,19.4352772,3.195235393,0
5.64351,3.031009733,1.740979533,91.9702,0,9.55,0,0.836660027,2.352870587,89.5,1.25713961,577,332,1333,9.1,19.92234926,3.857983121,0
5.66615,3.03847001,1.743120767,92.423,0,9.55,0,0.794355084,2.493190727,89.5,1.081249277,577,332,1333,9.1,19.13504638,2.087069808,1
5.719445,3.055959751,1.748130359,93.4889,0,9.55,0,0.824014563,2.525866188,85.1,1.402925515,577,332,1333,9.1,7.792303896,3.907137659,0
5.745315,3.064413484,1.750546624,94.0063,0,9.55,0,0.860232527,2.372129845,83.4,1.348035608,577,332,1333,9.1,19.92234926,3.783304297,0
5.847855,3.097694304,1.760026791,96.0571,0,9.55,0,0.832466216,2.530612574,89.5,1.280234354,577,332,1333,9.1,19.39355563,3.506661736,0
5.91209,3.118361749,1.765888374,97.3418,0,9.55,0,0.860232527,2.531007704,86.7,1.43704558,577,332,1333,9.1,19.6458647,3.418144407,0
5.961745,3.134244726,1.770379825,98.3349,0,9.55,0,0.819145897,2.606530261,88.3,1.165332571,577,332,1333,9.1,19.92234926,3.608687449,0
6.008275,3.149055414,1.774557808,99.2655,0,9.55,0,0.832466216,2.419090738,67.3,1.22490816,577,332,1333,9.1,18.38912722,4.474486277,0
6.012425,3.150372994,1.774929011,99.3485,0,9.55,0,0.860232527,2.500199992,86.1,1.482565344,577,332,1333,9.1,19.71091068,3.054626987,0
6.03327,3.156982737,1.776790009,99.7654,0,9.55,0,0.860232527,2.546566316,89.5,1.406556078,577,332,1333,9.1,19.66545194,3.341658669,0
6.08115,3.172112861,1.781042633,100.723,0,9.55,0,0.764198927,2.614000765,83.8,1.445060552,577,332,1333,9.1,9.018314698,3.437341546,0
6.3859,3.266772107,1.807421397,106.818,0,9.55,0,0.860232527,2.541456275,84.3,1.409929076,577,332,1333,9.1,6.562011887,3.896937819,0
6.4671,3.291534597,1.814258691,108.442,0,9.55,0,0.824014563,2.604227333,80.3,1.348888431,577,332,1333,9.1,4.644351408,4.07838557,0
6.5937,3.329774767,1.824767045,110.974,0,9.55,0,0.847348807,2.531995261,89.5,1.36341483,577,332,1333,9.1,17.85357107,2.875564475,0
6.60405,3.332881636,1.825618152,111.181,0,9.55,0,0.81731267,2.214949209,89.5,1.083605094,577,332,1333,9.1,19.92234926,4.896609195,0
6.6302,3.340718486,1.827763247,111.704,0,9.55,0,0.860232527,2.574684447,84.1,1.457635071,577,332,1333,9.1,10.48093507,3.823898838,0
6.83895,3.402631335,1.844622274,115.879,0,9.55,0,0.836660027,2.244103384,86.5,1.33041347,577,332,1333,9.1,19.92234926,4.067543784,0
6.95615,3.436902675,1.853888528,118.223,0,9.55,0,0.847348807,2.612278699,66,1.339402852,577,332,1333,9.1,6.960603422,3.768647607,0
7.02555,3.457036303,1.859310706,119.611,0,9.55,0,0.81178815,2.368121618,89.5,1.133666618,577,332,1333,9.1,18.22333669,2.482814953,1
7.0741,3.471051714,1.863075874,120.582,0,9.55,0,0.783581521,2.376552124,77.1,1.396853607,577,332,1333,9.1,17.07483528,2.754996671,0
7.1736,3.499599977,1.87072178,122.572,0,9.55,0,0.764198927,2.415988411,49.2,1.41336478,577,332,1333,9.1,4.964876635,2.961060464,0
7.45115,3.578030184,1.891568181,128.123,0,9.55,0,0.860232527,2.419504081,86.1,1.376807902,577,332,1333,9.1,15.50870723,3.877499359,0
7.7299,3.655106018,1.911833156,133.698,0,9.55,0,0.832466216,2.426314077,84.2,1.334953183,577,332,1333,9.1,19.92234926,3.043513324,0
7.8111,3.677254411,1.917616857,135.322,0,9.55,0,0.794355084,1.965451602,89.5,1.229064685,577,332,1333,9.1,11.46385624,2.651027253,1
7.88905,3.698391542,1.923120262,136.881,0,9.55,0,0.860232527,2.436185543,77.4,1.349296113,577,332,1333,9.1,8.303613671,4.832666629,0
8.0067,3.730067024,1.931338143,139.234,0,9.55,0,0.844393273,2.49158584,84.5,1.490704531,577,332,1333,9.1,10.03145054,2.894868419,0
8.07535,3.748426336,1.936085312,140.607,0,9.55,0,0.772657751,2.580116276,89.5,1.235920709,577,332,1333,9.1,5.920304046,3.606517123,0
8.1681,3.77308892,1.942444058,142.462,0,9.55,0,0.832466216,2.518531318,89.5,1.25463142,577,332,1333,9.1,19.92234926,3.507771068,0
8.21685,3.785987322,1.945761373,143.437,0,9.55,0,0.836660027,2.209072203,89.5,1.260753743,577,332,1333,9.1,19.31113668,4.533534133,0
8.2604,3.797472844,1.948710559,144.308,0,9.55,0,0.860232527,2.54184972,82.8,1.415132503,577,332,1333,9.1,5.243090692,3.248529157,0
8.26915,3.799776309,1.949301493,144.483,0,9.55,0,0.772657751,2.617632518,89.5,1.210578374,577,332,1333,9.1,13.39253523,3.447471192,1
8.6386,3.895792602,1.973776229,151.872,0,9.55,0,0.860232527,2.48032256,89.5,1.383546168,577,332,1333,9.1,3.052867504,4.142956348,0
8.694,3.909987212,1.97736876,152.98,0,9.55,0,0.819145897,2.578565493,82.8,1.159698237,577,332,1333,9.1,19.05308374,3.820788317,0
8.98015,3.982499215,1.995620008,158.703,0,9.55,0,0.824014563,2.428168034,84.9,1.381882774,577,332,1333,9.1,2.771281292,3.93862329,0
8.9872,3.984269067,1.996063393,158.844,0,9.55,0,0.819145897,2.558319761,88.6,1.232558315,577,332,1333,9.1,19.92234926,3.591296113,0
9.4559,4.100219506,2.024899876,168.218,0,9.55,0,0.836660027,2.297172175,87.6,1.194194289,577,332,1333,9.1,19.92234926,4.550675635,0
9.98335,4.226901939,2.055943078,178.767,0,9.55,0,0.819145897,2.494594155,89.5,1.177327482,577,332,1333,9.1,19.84288286,3.666904756,0
10.0923,4.252599205,2.062183116,180.946,0,9.55,0,0.824014563,2.536533067,89.5,1.354510982,577,332,1333,9.1,5.220153254,4.389805191,0
10.2991,4.300953383,2.073874004,185.082,0,9.55,0,0.81731267,2.034207462,89.5,1.066302021,577,332,1333,9.1,19.92234926,5.161980201,0
10.4555,4.337164973,2.082586126,188.21,0,9.55,0,0.772657751,2.15127869,89.5,1.246555253,577,332,1333,9.1,5.36563137,4.862593283,0
10.85455,4.428216345,2.104332755,196.191,0,9.55,0,0.819145897,2.704255905,87.4,1.147301181,577,332,1333,9.1,19.92234926,2.666060556,0
11.09245,4.481618011,2.116983234,200.949,0,9.55,0,0.836660027,2.089976076,80.7,1.199791649,577,332,1333,9.1,16.90650762,4.534437641,0
11.4081,4.551505246,2.133425707,207.262,0,9.55,0,0.81178815,2.034207462,89.5,1.085403151,577,332,1333,9.1,19.24110184,3.831148932,0
12.07555,4.695859879,2.166993281,220.611,0,9.55,0,0.860232527,2.412053067,81.9,1.366089309,577,332,1333,9.1,19.7850954,3.702127178,0
12.34855,4.75364071,2.180284548,226.071,0,9.55,0,0.836660027,2.236067977,79,1.232233744,577,332,1333,9.1,19.92234926,4.655970297,0
12.8741,4.862941497,2.205207813,236.582,0,9.55,0,0.819145897,2.525866188,85.7,1.177327482,577,332,1333,9.1,19.92234926,3.867237409,0
13.2469,4.939007998,2.222387904,244.038,0,9.55,0,0.836660027,2.156849554,89.5,1.211280314,577,332,1333,9.1,19.92234926,4.31789432,0
13.45085,4.98013052,2.231620604,248.117,0,9.55,0,0.832466216,2.312790522,85.5,1.30491379,577,332,1333,9.1,19.92234926,3.446346815,0
13.57305,5.004607877,2.237098093,250.561,0,9.55,0,0.832466216,2.44683469,89.5,1.260476101,577,332,1333,9.1,19.92234926,4.173973328,0
14.0203,5.093191534,2.256810035,259.506,0,9.55,0,0.824014563,2.303041467,78.6,1.283549765,577,332,1333,9.1,11.28538878,4.16139516,0
15.3779,5.353111245,2.313679158,286.658,0,9.55,0,0.772657751,2.270462508,89.5,1.260714083,577,332,1333,9.1,14.52480637,3.4810713,0
19.88095,6.1369292,2.477282624,376.719,0,9.55,0,0.824014563,2.490381497,68.2,1.364880947,577,332,1333,9.1,4.338202393,2.810511777,0
20.2259,6.192883012,2.488550384,383.618,0,9.55,0,0.832466216,2.335165947,89.5,1.220491704,577,332,1333,9.1,19.92234926,4.530822724,0
21.8146,6.444315324,2.538565604,415.392,0,9.55,0,0.832466216,2.351807815,74.9,1.267832797,577,332,1333,9.1,18.15103303,4.232590181,0
23.92305,6.763586327,2.600689587,457.561,0,9.55,0,0.832466216,2.125793969,89.5,1.287711148,577,332,1333,9.1,9.395211546,5.081118318,0
26.6179,7.150930009,2.674122288,511.458,0,9.55,0,0.772657751,2.399374919,89.5,1.188696765,577,332,1333,9.1,1.61245155,2.179622619,0
35.0104,8.241407647,2.870785197,679.308,0,9.55,0,0.832466216,2.38390436,89.5,1.193901168,577,332,1333,9.1,19.62065238,3.793745926,0
37.81705,8.575202622,2.92834469,735.441,0,9.55,0,0.824014563,2.440696622,89.5,1.3426094,577,332,1333,9.1,4.055859958,3.540925016,0
45.5381,9.43271965,3.071273295,889.862,0,9.55,0,0.819145897,2.639696952,81.4,1.190168055,577,332,1333,9.1,19.92234926,3.148493703,0